nombre,email,pista,fecha,hora,material,normas
mario,mario@gmail.com,padel,1/4/2026,11:30,raqueta,ninguna
lucia,lucia88@hotmail.com,tenis,2/4/2026,17:00,raqueta y pelotas,calzado adecuado
carlos,carlos_dev@gmail.com,futbol sala,3/4/2026,20:00,balon,maximo 10 jugadores
ana,ana.martinez@empresa.es,padel,4/4/2026,10:00,ninguno,llegar 10 min antes
david,david.gamer@yahoo.com,baloncesto,4/4/2026,18:30,balon,ninguna
elena,elenita_99@gmail.com,tenis,5/4/2026,09:00,ninguno,respetar horario de limpieza
jorge,jorge.lopez@outlook.com,padel,5/4/2026,19:00,raquetas,ninguna
sara,sara_fit@gmail.com,atletismo,6/4/2026,08:00,ninguno,prohibido clavos largos
pablo,pablo.ruiz@gmail.com,futbol 7,7/4/2026,21:00,petos y balon,uso de mascarilla en vestuarios
marta,marta_g@hotmail.com,padel,8/4/2026,12:00,raqueta,ninguna
