grass,grass,grass,grass,grass,grass,grass,grass,grass,grass,grass,grass,grass,grass,grass,water,water,grass,grass,grass,grass,grass,grass,grass,grass,grass,grass,grass,grass,grass,grass,grass
grass,grass,grass,grass,grass,grass,grass,grass,grass,grass,grass,grass,grass,grass,grass,grass,water,water,grass,grass,grass,grass,grass,grass,grass,grass,grass,grass,grass,grass,grass,grass
grass,grass,grass,grass,grass,grass,grass,grass,grass,grass,grass,grass,grass,grass,grass,grass,grass,water,water,grass,grass,grass,grass,grass,grass,grass,grass,grass,grass,grass,grass,grass
grass,grass,grass,grass,grass,grass,grass,grass,grass,grass,grass,grass,grass,grass,grass,grass,grass,water,water,grass,grass,grass,grass,grass,grass,grass,grass,grass,grass,grass,grass,grass
grass,grass,grass,grass,grass,grass,stone,grass,grass,grass,grass,grass,grass,grass,grass,grass,water,water,grass,grass,grass,grass,grass,grass,grass,grass,grass,grass,grass,grass,grass,grass
grass,grass,grass,grass,grass,stone,stone,stone,grass,grass,grass,grass,grass,grass,grass,grass,grass,water,water,grass,grass,grass,grass,grass,grass,grass,grass,grass,grass,grass,grass,grass
grass,grass,grass,grass,stone,stone,stone,stone,stone,grass,grass,grass,grass,grass,grass,grass,grass,water,water,grass,grass,grass,grass,grass,grass,grass,grass,grass,grass,grass,grass,grass
grass,grass,grass,grass,grass,stone,stone,stone,grass,grass,grass,grass,grass,grass,grass,grass,grass,grass,water,water,grass,grass,grass,grass,grass,grass,grass,grass,grass,grass,grass,grass
grass,grass,grass,grass,grass,grass,stone,grass,grass,grass,grass,grass,grass,grass,grass,grass,grass,water,water,grass,grass,grass,grass,grass,grass,grass,grass,grass,grass,grass,grass,grass
grass,grass,grass,grass,grass,grass,grass,grass,grass,grass,grass,grass,grass,grass,grass,water,water,water,water,grass,grass,grass,grass,grass,grass,grass,grass,grass,stone,grass,grass,grass
grass,grass,grass,grass,grass,grass,grass,grass,stone,stone,stone,stone,stone,stone,grass,bridge,bridge,bridge,grass,grass,stone,stone,stone,grass,grass,grass,grass,stone,stone,stone,grass,grass
grass,grass,grass,grass,grass,grass,grass,grass,stone,stone,stone,stone,stone,stone,grass,bridge,bridge,bridge,grass,stone,stone,stone,stone,grass,grass,grass,stone,stone,stone,stone,stone,grass
grass,grass,grass,grass,grass,grass,grass,grass,grass,grass,grass,grass,grass,grass,grass,water,water,water,grass,grass,grass,grass,grass,grass,grass,grass,grass,stone,stone,stone,stone,grass
grass,grass,grass,grass,grass,grass,grass,grass,grass,grass,grass,grass,grass,grass,grass,grass,water,water,grass,grass,grass,grass,grass,grass,grass,grass,grass,grass,stone,stone,stone,stone
grass,grass,grass,grass,grass,grass,grass,grass,grass,grass,grass,grass,grass,grass,grass,water,water,water,water,grass,grass,grass,grass,grass,grass,grass,grass,grass,grass,grass,stone,grass
grass,grass,grass,grass,grass,grass,grass,grass,grass,grass,grass,grass,grass,grass,grass,grass,water,water,grass,grass,grass,grass,grass,grass,grass,grass,grass,grass,grass,grass,grass,grass
grass,grass,grass,grass,grass,grass,grass,grass,grass,grass,grass,grass,grass,grass,water,water,water,water,grass,grass,grass,grass,stone,grass,grass,grass,grass,grass,grass,grass,grass,grass
grass,grass,grass,grass,grass,grass,grass,grass,grass,grass,grass,grass,grass,grass,water,water,water,water,grass,grass,grass,stone,stone,stone,grass,grass,grass,grass,grass,grass,grass,grass
grass,grass,grass,stone,grass,grass,grass,grass,grass,grass,grass,grass,grass,grass,grass,grass,water,water,grass,grass,stone,stone,stone,stone,stone,grass,grass,grass,grass,grass,grass,grass
grass,grass,stone,stone,stone,grass,grass,grass,grass,grass,grass,grass,grass,grass,grass,water,water,grass,grass,grass,grass,stone,stone,stone,grass,grass,grass,grass,grass,grass,grass,grass
grass,grass,grass,stone,stone,stone,grass,grass,grass,grass,grass,grass,grass,grass,grass,water,water,water,grass,grass,grass,grass,stone,grass,grass,grass,grass,grass,grass,grass,grass,grass
grass,grass,stone,stone,stone,stone,stone,stone,stone,stone,stone,stone,grass,bridge,bridge,bridge,bridge,bridge,bridge,bridge,grass,grass,stone,stone,stone,stone,grass,grass,grass,grass,grass,grass
grass,grass,grass,stone,stone,stone,stone,stone,stone,stone,stone,stone,grass,bridge,bridge,bridge,bridge,bridge,bridge,bridge,grass,grass,stone,stone,stone,stone,grass,grass,grass,grass,grass,grass
grass,grass,grass,grass,stone,grass,grass,grass,grass,grass,grass,grass,grass,grass,water,water,water,water,water,water,water,grass,grass,grass,grass,grass,grass,grass,grass,grass,grass,grass
grass,grass,grass,grass,grass,grass,stone,grass,grass,grass,grass,grass,grass,grass,grass,water,water,water,water,water,grass,grass,grass,grass,grass,grass,grass,grass,grass,grass,grass,grass
grass,grass,grass,grass,grass,stone,stone,stone,grass,grass,grass,grass,grass,grass,water,water,water,water,water,water,grass,grass,grass,grass,grass,grass,grass,grass,grass,grass,grass,grass
grass,grass,grass,grass,stone,stone,stone,stone,stone,grass,grass,grass,grass,grass,water,water,grass,water,grass,grass,grass,grass,grass,grass,grass,grass,grass,grass,grass,grass,grass,grass
grass,grass,grass,grass,grass,stone,stone,stone,grass,grass,grass,grass,grass,grass,water,water,grass,grass,grass,grass,grass,grass,grass,grass,grass,grass,grass,grass,grass,grass,grass,grass
grass,grass,grass,grass,grass,grass,stone,grass,grass,grass,grass,grass,stone,grass,water,water,grass,grass,grass,grass,grass,grass,grass,grass,grass,grass,grass,grass,grass,grass,grass,grass
grass,grass,grass,grass,grass,grass,grass,grass,grass,grass,grass,stone,stone,stone,water,water,water,water,grass,grass,grass,grass,grass,grass,grass,grass,grass,grass,grass,grass,grass,grass
grass,grass,grass,grass,grass,grass,grass,grass,grass,grass,stone,stone,stone,stone,water,water,grass,grass,grass,grass,grass,grass,grass,grass,grass,grass,grass,grass,grass,grass,grass,grass
grass,grass,grass,grass,grass,grass,grass,grass,grass,grass,grass,stone,stone,water,water,grass,grass,grass,grass,grass,grass,grass,grass,grass,grass,grass,grass,grass,grass,grass,grass,grass
